{
  "MIDLAND BEACH": {
    "2022-7": 23.61333333333333,
    "2020-5": 3,
    "2020-6": 6,
    "2020-7": 7.2,
    "2021-4": 25.725,
    "2021-5": 9.98,
    "2021-6": 12.45,
    "2021-7": 41.7375,
    "2021-8": 31,
    "2022-4": 23.48666666666666,
    "2022-5": 30.213333333333328,
    "2022-6": 11.608333333333334,
    "2022-8": 56.666666666666664
  },
  "ORCHARD BEACH": {
    "2022-7": 33.02777777777777,
    "2020-6": 3.3333333333333335,
    "2020-5": 58.54545454545455,
    "2020-7": 11.466666666666667,
    "2021-4": 37.086666666666666,
    "2021-5": 11.280000000000001,
    "2021-6": 26.875,
    "2021-7": 34.58888888888888,
    "2021-8": 23.666666666666668,
    "2022-4": 19.650000000000002,
    "2022-5": 75.58,
    "2022-6": 26.28333333333333,
    "2022-8": 977.6666666666666
  },
  "WOLFE'S POND PARK": {
    "2022-7": 253.17619047619047,
    "2020-5": 4,
    "2020-6": 4,
    "2020-7": 6.4,
    "2021-4": 9.924999999999999,
    "2021-5": 20.54,
    "2021-6": 297.9428571428572,
    "2021-7": 101.7090909090909,
    "2021-8": 506.44444444444446,
    "2022-4": 14.820000000000002,
    "2022-5": 45.29999999999999,
    "2022-6": 303.4,
    "2022-8": 243.32222222222222
  },
  "SCHUYLER HILL CIVIC ASSOCIATION": {
    "2022-7": 29.139999999999993,
    "2020-5": 14,
    "2020-4": 4,
    "2020-6": 0,
    "2020-7": 6,
    "2020-8": 4,
    "2021-4": 9.9,
    "2021-5": 22.380000000000003,
    "2021-6": 54.7,
    "2021-7": 34.18,
    "2021-8": 10,
    "2022-4": 11.616666666666667,
    "2022-5": 61.61999999999999,
    "2022-6": 47.73333333333333,
    "2022-8": 134.32222222222222
  },
  "MANHATTAN BEACH": {
    "2022-7": 25.106666666666666,
    "2020-6": 39.42857142857143,
    "2020-5": 40,
    "2020-7": 28.8,
    "2021-4": 175.75,
    "2021-5": 16.18,
    "2021-6": 17.975,
    "2021-7": 29.4,
    "2021-8": 9.9,
    "2022-4": 121.12666666666668,
    "2022-5": 30.975000000000005,
    "2022-6": 19.458333333333336,
    "2022-8": 87.48333333333333
  },
  "SOUTH BEACH": {
    "2022-7": 18.366666666666667,
    "2020-6": 9,
    "2020-5": 4,
    "2020-7": 26.25,
    "2021-4": 9.9,
    "2021-5": 11.94,
    "2021-6": 37.4,
    "2021-7": 81.1125,
    "2021-8": 69.66666666666667,
    "2022-4": 22.826666666666664,
    "2022-5": 36.699999999999996,
    "2022-6": 13.383333333333333,
    "2022-8": 67.33333333333333
  },
  "GERRITSEN/KIDDIE BEACH": {
    "2022-7": 111.83999999999999,
    "2020-4": 38,
    "2020-6": 0,
    "2020-5": 121,
    "2020-7": 0,
    "2021-4": 9.9,
    "2021-5": 42,
    "2021-6": 22.975,
    "2021-7": 50.4,
    "2022-4": 160.8266666666667,
    "2022-5": 31.69166666666666,
    "2022-6": 13.533333333333333
  },
  "ROCKAWAY BEACH 9TH - 13TH": {
    "2020-6": 8,
    "2020-5": 0,
    "2020-7": 20,
    "2021-4": 10,
    "2021-5": 9.9,
    "2021-6": 10,
    "2021-7": 9.9,
    "2022-4": 20.45,
    "2022-5": 9.9,
    "2022-6": 9.9,
    "2022-7": 9.966666666666667
  },
  "WEST FORDHAM STREET ASSOCIATION": {
    "2020-4": 6,
    "2020-5": 10,
    "2020-6": 2,
    "2020-7": 0,
    "2020-8": 0,
    "2021-4": 31,
    "2021-5": 20.36,
    "2021-6": 12.425,
    "2021-7": 22.96,
    "2021-8": 14.95,
    "2022-4": 56.69999999999999,
    "2022-5": 23.57333333333333,
    "2022-6": 547.8416666666667,
    "2022-7": 55.49333333333333,
    "2022-8": 402.6666666666667
  },
  "CONEY ISLAND WEST 28TH - WEST 37TH": {
    "2020-5": 2,
    "2020-6": 8,
    "2020-7": 8,
    "2021-4": 9.9,
    "2021-5": 20.3,
    "2021-6": 61.75999999999999,
    "2021-7": 13.299999999999999,
    "2022-4": 18.520000000000003,
    "2022-5": 11.919999999999998,
    "2022-6": 12.475,
    "2022-7": 33.58,
    "2022-8": 10
  },
  "DOUGLASTON HOMEOWNERS ASSOCIATION": {
    "2020-6": 60,
    "2020-4": 2,
    "2020-5": 245,
    "2020-7": 60,
    "2020-8": 12,
    "2021-4": 10,
    "2021-5": 67,
    "2021-6": 577.975,
    "2021-7": 517.58,
    "2021-8": 124,
    "2022-4": 308.725,
    "2022-5": 227.50666666666666,
    "2022-6": 599.1,
    "2022-7": 57.2,
    "2022-8": 135.33333333333334
  },
  "CONEY ISLAND BR. 15TH - 6TH": {
    "2020-6": 22,
    "2020-5": 30,
    "2020-7": 16.8,
    "2021-4": 36.45,
    "2021-5": 27,
    "2021-6": 20.5,
    "2021-7": 17,
    "2022-4": 24.78,
    "2022-5": 14.12,
    "2022-6": 25.75,
    "2022-7": 16.16,
    "2022-8": 10
  },
  "CEDAR GROVE": {
    "2020-5": 3,
    "2020-6": 4,
    "2020-7": 10.4,
    "2021-4": 15.174999999999999,
    "2021-5": 14.180000000000001,
    "2021-6": 23.475,
    "2021-7": 48.79090909090908,
    "2021-8": 90.25,
    "2022-4": 17.813333333333333,
    "2022-5": 12.516666666666667,
    "2022-6": 11.608333333333334,
    "2022-7": 25.619999999999997,
    "2022-8": 1251.5
  },
  "BREEZY POINT - 219TH STREET": {
    "2020-4": 0,
    "2020-5": 0,
    "2020-6": 0,
    "2020-7": 6,
    "2021-4": 9.9,
    "2021-5": 9.9,
    "2021-6": 9.95,
    "2021-7": 59.5,
    "2022-4": 9.9,
    "2022-5": 9.95,
    "2022-6": 9.9,
    "2022-7": 24
  },
  "SEAGATE BEACH - 38TH STREET": {
    "2020-5": 0,
    "2020-6": 2,
    "2020-4": 2,
    "2020-7": 4,
    "2021-4": 9.9,
    "2021-5": 24.939999999999998,
    "2021-6": 14.975,
    "2021-7": 42.78,
    "2022-4": 14.073333333333334,
    "2022-5": 12.458333333333336,
    "2022-6": 16.808333333333334,
    "2022-7": 31.240000000000002
  },
  "CONEY ISLAND OCEAN PKWY - WEST 8TH": {
    "2020-6": 8,
    "2020-5": 0,
    "2020-7": 10.4,
    "2021-4": 9.9,
    "2021-5": 9.933333333333334,
    "2021-6": 48.5,
    "2021-7": 20.633333333333333,
    "2022-4": 9.94,
    "2022-5": 9.92,
    "2022-6": 9.9,
    "2022-7": 9.919999999999998,
    "2022-8": 20
  },
  "ROCKAWAY BEACH 59TH - 80TH": {
    "2020-5": 0,
    "2020-6": 0,
    "2020-7": 0,
    "2021-4": 9.9,
    "2021-5": 10,
    "2021-6": 9.9,
    "2021-7": 9.9,
    "2021-8": 10,
    "2022-4": 9.95,
    "2022-5": 9.9,
    "2022-6": 9.95,
    "2022-7": 9.9
  },
  "LOCUST POINT YACHT CLUB": {
    "2020-5": 4,
    "2020-6": 2,
    "2020-4": 0,
    "2020-7": 10,
    "2021-4": 9.9,
    "2021-5": 31.18,
    "2021-6": 31.25,
    "2021-7": 14.16,
    "2022-4": 16,
    "2022-5": 23.380000000000003,
    "2022-6": 27.641666666666666,
    "2022-7": 14.013333333333337
  },
  "KINGSBOROUGH COMMUNITY COLLEGE": {
    "2020-5": 10,
    "2020-4": 2,
    "2020-6": 24,
    "2020-7": 12,
    "2021-4": 42,
    "2021-5": 28.98,
    "2021-6": 20.475,
    "2021-7": 493.8,
    "2022-4": 13.299999999999999
  },
  "MORRIS YACHT AND BEACH CLUB": {
    "2020-5": 14,
    "2020-4": 2,
    "2020-6": 0,
    "2020-7": 2,
    "2020-8": 0,
    "2021-4": 75,
    "2021-5": 14,
    "2021-6": 68.75,
    "2021-7": 16.160000000000004,
    "2021-8": 13.266666666666666,
    "2022-4": 53.61666666666667,
    "2022-5": 26.16,
    "2022-6": 529.6,
    "2022-7": 23.56,
    "2022-8": 13622
  },
  "DANISH AMERICAN BEACH CLUB": {
    "2020-4": 2,
    "2020-5": 14,
    "2020-6": 4,
    "2020-7": 12,
    "2020-8": 8,
    "2021-4": 9.9,
    "2021-5": 26.78,
    "2021-6": 131.225,
    "2021-7": 24.96,
    "2021-8": 20,
    "2022-4": 69.23333333333333,
    "2022-5": 326.8666666666667,
    "2022-6": 35.90833333333333,
    "2022-7": 45.77333333333333,
    "2022-8": 23.666666666666668
  },
  "AMERICAN TURNERS": {
    "2020-4": 2,
    "2020-6": 38,
    "2020-5": 26,
    "2020-7": 4,
    "2020-8": 0,
    "2021-4": 10,
    "2021-5": 66.97999999999999,
    "2021-6": 262.75,
    "2021-7": 38.38,
    "2021-8": 9.9,
    "2022-4": 35.29166666666666,
    "2022-5": 763,
    "2022-6": 65.25,
    "2022-7": 53.95333333333333
  },
  "ROCKAWAY BEACH 116TH - 126TH": {
    "2020-5": 8,
    "2020-6": 0,
    "2020-7": 4,
    "2021-4": 9.9,
    "2021-5": 9.9,
    "2021-6": 9.9,
    "2021-7": 9.9,
    "2022-4": 14.95,
    "2022-5": 9.9,
    "2022-6": 9.95,
    "2022-7": 9.933333333333332
  },
  "ROCKAWAY BEACH 23RD - 59TH": {
    "2020-6": 0,
    "2020-5": 0,
    "2020-7": 0,
    "2021-4": 9.9,
    "2021-5": 9.9,
    "2021-6": 9.9,
    "2021-7": 20,
    "2022-4": 9.95,
    "2022-5": 9.9,
    "2022-6": 9.9,
    "2022-7": 9.933333333333334
  },